,Host_type,year,hosts_count,host_percent,lists_count,lists_percent,listings_per_host
0,host,2019,45451,0.8499,72315,0.8501,1.591054102
1,host,2020,45632,0.8524,71167,0.8502,1.559585379
2,host,2021,44532,0.8772,65825,0.8601,1.478150543
3,superhost,2019,8025,0.1501,12753,0.1499,1.589158879
4,superhost,2020,7899,0.1476,12544,0.1498,1.58804912
5,superhost,2021,6232,0.1228,10709,0.1399,1.71838896